course_id,github_link,google_forms_edit,google_forms_view,date_created
your-course-id,../web-pool-2022/sessions/accessibility/quiz.md,,,
your-course-id,../web-pool-2022/sessions/css-basics/quiz.md,,,
your-course-id,../web-pool-2022/sessions/css-layout-with-flexbox/quiz.md,,,
your-course-id,../web-pool-2022/sessions/css-layout-with-grid/quiz.md,,,
your-course-id,../web-pool-2022/sessions/css-positioning/quiz.md,,,
your-course-id,../web-pool-2022/sessions/css-responsive/quiz.md,,,
your-course-id,../web-pool-2022/sessions/css-selectors/quiz.md,,,
your-course-id,../web-pool-2022/sessions/css-structure/quiz.md,,,
your-course-id,../web-pool-2022/sessions/git-advanced/quiz.md,,,
your-course-id,../web-pool-2022/sessions/git-basics/quiz.md,,,
your-course-id,../web-pool-2022/sessions/github-and-markdown/quiz.md,,,
your-course-id,../web-pool-2022/sessions/html-basics-and-the-web/quiz.md,,,
your-course-id,../web-pool-2022/sessions/html-forms/quiz.md,,,
your-course-id,../web-pool-2022/sessions/js-advanced-practice/quiz.md,,,
your-course-id,../web-pool-2022/sessions/js-array-methods/quiz.md,,,
your-course-id,../web-pool-2022/sessions/js-basics/quiz.md,,,
your-course-id,../web-pool-2022/sessions/js-conditions-and-booleans/quiz.md,,,
your-course-id,../web-pool-2022/sessions/js-es-next/quiz.md,,,
your-course-id,../web-pool-2022/sessions/js-fetch/quiz.md,,,
your-course-id,../web-pool-2022/sessions/js-inputs-and-strings/quiz.md,,,
your-course-id,../web-pool-2022/sessions/js-math-and-numbers/quiz.md,,,
your-course-id,../web-pool-2022/sessions/js-objects-and-arrays/quiz.md,,,
your-course-id,../web-pool-2022/sessions/js-structure/quiz.md,,,
your-course-id,../web-pool-2022/sessions/js-unit-testing/quiz.md,,,
your-course-id,../web-pool-2022/sessions/js-variables-and-functions/quiz.md,,,
your-course-id,../web-pool-2022/sessions/linting-basics/quiz.md,,,
your-course-id,../web-pool-2022/sessions/npm-basics/quiz.md,,,
your-course-id,../web-pool-2022/sessions/react-basics/quiz.md,,,
your-course-id,../web-pool-2022/sessions/react-custom-hooks/quiz.md,,,
your-course-id,../web-pool-2022/sessions/react-props/quiz.md,,,
your-course-id,../web-pool-2022/sessions/react-arrays/quiz.md,,,
your-course-id,../web-pool-2022/sessions/react-useeffect-with-fetch/quiz.md,,,
your-course-id,../web-pool-2022/sessions/react-useeffect-with-localstorage/quiz.md,,,
your-course-id,../web-pool-2022/sessions/react-usestate-and-events/quiz.md,,,
your-course-id,../web-pool-2022/sessions/react-usestate-and-events-advanced/quiz.md,,,
your-course-id,../web-pool-2022/sessions/shell-basics/quiz.md,,,
your-course-id,../web-pool-2022/sessions/storybook-for-css/quiz.md,,,
your-course-id,../web-pool-2022/sessions/styled-components/quiz.md,,,
